Unnamed: 0,HCP_ID,prescription_sales_ticaprant,prescription_sales_competitor,mNSCLC_patient_count,egfr_patient_count,ticaprant_patient_count,competitor_patient_count,feature_1L_patient_count,feature_2L_patient_count,feature_days_in_1L_avg,feature_days_in_2L_avg
0,HCP_01,0.0,261.70455518447284,3.0068362573376537,6.0,2.092939981314705,0.750084799861643,4.408182293735981,4.257054062909648,68.22167422065462,118.24549462551174
1,HCP_02,0.0,178.69886310437172,2.612197088766193,4.3870952444898945,0.0,2.749228546107028,0.0,1.9919890089158359,120.07428107513205,104.39131201091038
2,HCP_05,0.0,0.0,3.9892418807579157,2.336015649951585,2.4747781184113653,0.0,0.7024816738430629,1.5782868824763756,34.97766275700895,22.04367864254495
3,HCP_06,79.41420717379408,132.31272662724484,2.1049659435930264,2.583796640856671,0.0,0.9818577912722557,2.6957773129029277,0.3988186201449573,124.85435823625075,48.40896289805302
4,HCP_09,125.7625779188906,94.52586760275098,4.842121884223018,4.664931167594366,0.0,4.247790361644181,0.0,1.7096223074513557,102.84310112674672,34.47178186945028
5,HCP_11,53.695099959988845,100.89296223292394,2.098599350106492,2.462533911209229,0.0,1.8794433547817369,1.2909840575108307,2.6683722480426417,116.24323560469911,42.670611451658864
6,HCP_16,4.4058707654393805,323.96131663081775,2.3458372967640893,3.0577440502641795,0.19286904229051502,1.9878084693341644,1.7838558512480334,2.898443065456618,0.0,139.75
7,HCP_17,10.174259538202488,449.6408670332037,4.972777305110917,0.7218072425372439,0.5142290963444087,1.8797347522705885,2.7507712443729844,1.754072631282253,68.69456523639455,0.0
8,HCP_20,117.48839437708482,0.0,3.3937312362781555,4.076178260874412,3.091618474898335,0.0,0.0,1.6760947336343859,152.88194430901947,37.75913138080651
9,HCP_21,0.0,302.5547815568691,5.182895407787655,2.27437770653407,2.6130318414646325,2.03680663729703,2.6333903726551533,1.513393451827985,137.63166175194692,80.31658531830328
10,HCP_22,31.268104202246956,0.0,2.1709584295848363,4.088034984976756,1.9083224645353096,1.498116926879413,2.01052000674531,3.426544608725812,68.75134403209087,15.756326090938119
11,HCP_25,32.98882263047624,349.63287771535624,4.0190441919334,1.2113537492435127,2.8201400598301105,0.9354026536074935,2.190463419065413,2.483099660344558,180.0,102.71553682132196
12,HCP_26,80.10083168933934,354.2112255595249,2.3581562856504017,5.339874965761382,2.3581698917250624,0.0,0.9438224914938544,3.03129890899094,110.18229901480734,5.926642069987249
13,HCP_27,42.52119281867849,0.0,2.454356199935538,3.792955140419925,1.5532777335004329,0.22131965992951885,0.0,1.8033095980970888,53.946544710135576,40.07108886019883
14,HCP_28,155.89263444524897,29.45922319792306,3.8535384598015074,4.535710272096893,2.635197182735364,0.48405381058292773,2.8432725445678146,2.250774237161741,98.76242599684333,72.13312044761898
15,HCP_29,152.1803493627445,0.0,4.104524144540421,2.739474371759051,0.0,0.14965064260063893,0.14289765707854668,2.155231198129846,2.420311447234253,95.0536728282965
16,HCP_32,19.774993911319466,174.4832300526575,5.141747470386472,2.7408936493598577,0.0,3.234969169960208,0.0,0.5081626198543469,130.57190682122203,76.14890495019223
17,HCP_33,57.146888682526836,11.26256161299158,4.13316962000518,0.0,3.295544420714349,1.8630873694405674,4.251244195498124,3.3033803336454906,0.0,36.68808996291398
18,HCP_34,70.18738828317737,689.4553451751891,2.0,1.0520559812431514,0.1891665923290684,3.6246424384127414,0.0,0.6481124484028731,69.27711348211733,0.0
19,HCP_35,30.586894904675763,217.95735428600636,3.560458097439578,2.551397243047018,1.6866537879571575,2.065569734892908,0.2918985153636408,0.0,47.207951206612634,0.0
20,HCP_36,87.290797250946,0.0,3.6617101371538134,2.0899585210450544,2.2325399702675393,1.7459774162586146,0.0,4.344112333331233,148.8561974343001,132.03050649638453
21,HCP_37,167.9713215340802,0.0,5.459957620924909,2.075189140028855,0.9654571263586184,0.373943005469774,3.1878838139502275,2.3916227086861843,150.4628274823938,104.42331344091896
22,HCP_38,0.0,137.86934734409112,2.0,1.252130784690109,0.7942078662224328,4.392832460920525,1.63297936530785,0.6872707416963459,13.380225517823382,0.0
23,HCP_39,83.49369711475133,10.981628836505902,2.1792063377891715,2.519767225047628,1.1699792114353567,2.9366449622340833,2.8681141281464932,3.705256036865368,0.0,35.42910430999123
24,HCP_40,107.90207090229505,145.78505858075786,4.440185972393252,1.8344887950213788,1.9452112070167984,0.0,3.4679766909638716,0.27857925490887536,56.75254459953055,23.374619855955764
25,HCP_41,25.243384794173792,105.24285172130158,4.154896957360909,5.930229044587251,1.9165789724781614,1.047481964412118,3.8556726020563494,3.1392096453024707,14.176448601490453,0.0
26,HCP_42,70.04000410137161,0.0,5.129629897309297,5.945650586068956,0.0,2.2078661085933176,1.4213103842462496,2.3402207548222616,112.8560934786785,66.00921324928704
27,HCP_43,47.329415733405895,321.4110948219462,3.5175228616758436,3.6762579822476367,1.58079428326439,2.7745305389841817,1.7907854638656162,0.0,48.42128067737688,45.75964742415058
28,HCP_44,115.87828066476528,0.0,5.409856847126521,4.157143672921581,3.710715488788417,0.0,1.7989665238740218,1.1884955893543547,100.80724109206635,36.00461972180183
29,HCP_45,0.0,393.47420750745306,3.49757646351876,0.0,0.021424041265160152,0.0,1.6184695629440518,0.18102375682929384,24.823311396836868,75.7470085303591
30,HCP_46,104.3474121425685,121.66098571659965,3.6907423535298305,2.9901352157430474,0.0,2.0820557625086336,0.0,1.0705481374997525,67.61829208010548,51.46587923960965
31,HCP_47,147.23333935199022,500.9506718581814,5.172154221243441,2.5290235631512954,2.723619141419442,3.3320065475474676,3.0248711934001835,3.3371276178135467,68.02132010227103,48.65939185039142
32,HCP_48,161.84753124577173,106.53667932421537,2.0,5.189110910390217,1.374619078276376,0.0,1.5065588588324885,1.6960997820423078,135.2599334004351,31.65906950260228
33,HCP_49,133.2950586134239,0.0,4.06365170543171,5.2582754075168125,1.2848085632272914,2.804575425745204,2.0276787764573414,4.112714646336952,10.585622717862273,23.563569521978987
34,HCP_50,78.86380878228908,394.15453847484184,2.498779938874176,4.0586475513768345,0.7366234580391026,0.0,0.0,0.3223079665669964,84.33210799419861,49.082951806726534
35,HCP_51,87.12022238394404,175.57745080432736,2.0,4.585923160044155,2.255330679715631,3.1793978644281995,3.403242662409147,2.0839624522062246,0.0,67.0754895354204
36,HCP_52,60.902061023985986,383.72270608080123,2.1833543981533237,3.1965028030957456,0.0,3.309464513809116,3.7469155254366355,0.0,111.833652350809,70.60689509681742
37,HCP_53,66.53278196041268,0.0,4.18267375680876,0.0,1.3100569498001704,1.929456171943016,0.0,3.361955123630268,52.74245142531833,34.932017613667156
38,HCP_54,143.22829662041957,68.83080743267142,4.250607940842527,2.159204166602581,0.0,5.368134492283831,0.2599177549400984,0.7298861340346959,52.61393653506686,18.315197866061755
39,HCP_03,25.75987214068719,238.9036610600304,3.3046703666281574,0.0,0.0,2.759752929005559,0.0,1.4799093111098094,29.104290140858037,54.648368398447
40,HCP_08,108.1696347705886,40.83672047619691,4.26062802439998,4.531692646616146,1.1780811765009718,3.422608348524303,1.315683009281646,1.8020201336983113,0.0,40.00858122438465
41,HCP_10,64.82263039956177,399.71600592041216,5.392097754340932,4.323960267789188,0.0,1.850496505526464,1.5005251022525226,0.021366280704676388,44.22206253365481,38.480296130623366
42,HCP_13,0.0,0.0,5.9320635843100815,1.327129526377082,3.4317357031278077,2.798626172505525,3.5150257055616123,2.9797056804705826,174.79691526621204,72.93691883463727
43,HCP_18,121.77026127666065,126.85946591483554,2.227503604619375,0.0,0.02309996921121566,0.0,3.5487918847198494,0.15778971341422543,150.73419512795635,129.1255225601634
44,HCP_19,42.353581242050744,226.10561665204165,3.6863466334759587,1.7001782410463586,1.0019205660011388,4.391670738778921,3.3150406223840374,1.4617688660608275,0.0,0.0
45,HCP_23,44.59698343268599,430.00059341428124,3.1169532817448187,3.937163885935749,1.2323335192949474,0.31087793156331683,1.2334546607043901,1.0421410202085957,128.91466981580177,75.51858437536335
46,HCP_24,20.310076791342848,134.44776126385239,4.542114911321184,1.4016065061001974,0.26605421631240755,2.9805972249179957,1.0773791360279796,0.0,39.52042779936735,60.581849930709865
47,HCP_30,4.9727840369289265,0.0,3.9112472138263032,0.9421337018752892,0.3868168174081589,2.8541661637140305,2.4206568629483427,0.9747468025770719,107.81963951968045,38.053467812901225
48,HCP_31,21.355854921040216,113.00130261434978,6.0,2.815434732388414,0.0,1.8242533920583666,1.2192107276936717,2.1822787814533013,114.34794622076132,98.28192369050107
